{"Accels": [1.008491115090942, 1.0082745128327106, 1.0018408740069875], "AccelBias": [-0.0038725015473231998, -0.028200120374451736, 0.04034366191757249], "GyroBias": [0.015115001403362827, 0.02639499231939546, 0.002040012523121476], "Mags": [1.0, 1.0, 1.0], "MagBias": [-2.150553142183092, -6.000417597071528, -0.642584295196565], "Magtransform": [[0.8774610164020209, 0.15147405555678878, -0.019314236651255645], [0.15147405555678883, 1.13968324212527, 0.016645570646579698], [-0.019314236651255645, 0.01664557064657969, 1.0242378942502832]]}