{"Accels": [1.008214948011585, 1.007816479133501, 0.9992940060657536], "AccelBias": [-0.018989071556106733, 0.20059591749360742, -1.0275492547418255], "GyroBias": [0.020820911104130094, -0.038403368907848165, 0.014274761258395694], "Mags": [1.0, 1.0, 1.0], "MagBias": [3.927279774515176, 12.544620219052343, -0.601465973400944], "Magtransform": [[0.8044251190225938, -0.20386702372873977, -0.016719789175902874], [-0.20386702372873977, 1.3609156234007553, 0.06399704787430832], [-0.016719789175902874, 0.0639970478743083, 0.952568839055707]]}